public-vpn-114,219.100.37.60,Japan,
public-vpn-217,219.100.37.199,Japan,
public-vpn-203,219.100.37.164,Japan,
public-vpn-80,219.100.37.65,Japan,
public-vpn-57,219.100.37.21,Japan,
public-vpn-93,219.100.37.70,Japan,
public-vpn-212,219.100.37.149,Japan,
public-vpn-238,219.100.37.171,Japan,
public-vpn-137,219.100.37.116,Japan,
vpn754798645,72.211.164.126,United States,
vpn377055621,126.28.49.30,Japan,
vpn453137374,150.249.156.59,Japan,
vpn232390633,222.105.82.235,Korea Republic of,
vpn869386675,121.166.23.18,Korea Republic of,
optimems,113.109.248.213,China,
vpn556242554,49.163.233.30,Korea Republic of,
vpn482164387,211.212.207.135,Korea Republic of,
public-vpn-250,219.100.37.174,Japan,
vpn692535645,1.224.225.70,Korea Republic of,
public-vpn-153,219.100.37.109,Japan,
public-vpn-150,219.100.37.108,Japan,
vpn686614546,124.246.226.92,Japan,
public-vpn-159,219.100.37.112,Japan,
vpn591814087,139.180.147.96,United States,
vpn719329406,163.182.174.159,United States,
vpn610119045,115.177.201.43,Japan,
vpn860657079,207.148.112.140,United States,
vpn451993379,173.233.73.3,United States,
vpn431396938,173.198.248.39,United States,
tlt,178.163.94.9,Russian Federation,
vpn672493552,37.201.206.191,Germany,
vpn927008927,118.241.178.16,Japan,
vpn294933376,220.70.29.223,Korea Republic of,
vpn596069594,122.199.87.92,Korea Republic of,
vpn117445993,147.192.112.221,Japan,
vpn372662495,221.141.185.11,Korea Republic of,
vpn573206096,223.135.215.181,Japan,
vpn824774258,121.80.170.175,Japan,
vpn631228175,183.96.84.207,Korea Republic of,
vpn206140995,27.113.33.37,Korea Republic of,
vpn626294843,121.134.181.202,Korea Republic of,
vpn659334145,106.150.137.44,Japan,
vpn662576629,59.15.80.166,Korea Republic of,
vpn781933125,133.114.88.11,Japan,
vpn251377022,133.114.2.221,Japan,
vpn849438996,121.125.169.164,Korea Republic of,
vpn403408180,122.23.50.236,Japan,
vpn102703047,202.171.122.180,Japan,
vpn574355942,121.116.59.115,Japan,
vpn551224725,126.207.101.106,Japan,
vpn301173384,49.170.177.164,Korea Republic of,
vpn175314763,220.94.26.216,Korea Republic of,
vpn396209637,113.158.235.68,Japan,
vpn275173737,121.111.82.223,Japan,
vpn157753729,121.172.153.9,Korea Republic of,
vpn220506399,49.228.68.87,Thailand,
vpn597693386,210.91.108.207,Korea Republic of,
vpn583964946,222.102.62.89,Korea Republic of,
vpn497620536,222.118.194.143,Korea Republic of,
vpn639534864,1.251.232.177,Korea Republic of,
vpn207660565,39.121.44.121,Korea Republic of,
vpn934092719,210.113.241.228,Korea Republic of,
vpn273372257,118.71.122.160,Viet Nam,
vpn726968975,114.16.69.121,Japan,
vpn480995232,112.185.117.238,Korea Republic of,
vpn712831367,211.106.93.152,Korea Republic of,
vpn494131537,121.173.85.98,Korea Republic of,
vpn222063551,61.81.145.188,Korea Republic of,
vpn570848852,121.169.161.53,Korea Republic of,
vpn884070353,210.113.116.47,Korea Republic of,
vpn970262402,58.136.190.59,Thailand,
vpn441690004,222.107.25.23,Korea Republic of,
vpn423896313,220.127.17.198,Korea Republic of,
vpn932647624,112.160.53.24,Korea Republic of,
vpn190334144,112.186.43.229,Korea Republic of,
vpn996387848,119.196.222.204,Korea Republic of,
vpn970292090,184.22.139.33,Thailand,
vpn572947629,125.128.173.174,Korea Republic of,
vpn810065157,175.203.71.118,Korea Republic of,
vpn791999119,1.226.255.54,Korea Republic of,
vpn501958606,218.145.235.24,Korea Republic of,
vpn116209249,175.125.195.119,Korea Republic of,
vpn659546368,210.217.48.14,Korea Republic of,
vpn664005874,106.251.83.149,Korea Republic of,
vpn254261835,121.141.74.170,Korea Republic of,
vpn576308894,58.227.118.19,Korea Republic of,
vpn189454017,183.100.40.106,Korea Republic of,
vpn340998886,220.77.215.155,Korea Republic of,
vpn447622698,121.147.54.65,Korea Republic of,
vpn254910948,112.160.207.144,Korea Republic of,
vpn419672233,121.124.221.169,Korea Republic of,
vpn535989800,14.34.179.229,Korea Republic of,
vpn784263786,14.251.77.51,Viet Nam,
vpn830291809,39.119.51.24,Korea Republic of,
vpn695173028,121.135.195.235,Korea Republic of,
vpn287448755,125.137.210.238,Korea Republic of,
vpn698954796,124.122.21.48,Thailand,
vpn456334502,58.140.190.55,Korea Republic of,
